{
    "z": {
        "freq": 246.94165062806205591537727092941949357113044433507708575689010009423888122448947435934310996475199775714722168750363703061784848132795590370732989753903032664269710165188745023266335900728083923429059,
        "osc": null
    },
    "a": {
        "freq": 256.6363887067456477966123796253469735119400138577576380800384675899179285078391907879137589821468457026182948298870989915495711349255878041853764868462147743509189666365963168257924047370783887556428,
        "osc": null
    },
    "q": {
        "freq": 266.71173469897979801372920278183039591856478605382126153012081711158185131945430692401701361350962955809166279271566708061828950711041313208704489936045164376682520594760369561928091474999455553337379,
        "osc": null
    },
    "x": {
        "freq": 277.18263097687209624878633360121023712545532223433175561803452467416592883307108642046724373597612071394825632783544635706778528893502219026100426693925815433134137565750021504439584440566751078078921,
        "osc": null
    },
    "s": {
        "freq": 288.06460653849415595941321121872127607123721670167331745922904991621987782541438781125282691742391506282529830217974330016996661759201492240977466127738071840575917176688425668872624950823387307423046,
        "osc": null
    },
    "w": {
        "freq": 299.37380003836293213624968257145888175142787372265213000625593729266372073952430165878782507050021048510014421878460368457313332362090065760807671853168897452365292186681446105185978664499251811990818,
        "osc": null
    },
    "c": {
        "freq": 311.12698372208091073637151932613357728532781258292857609886954235796114526166354854708525755208114600170304617080070534548346393228716218678170672936198588291090898650405123040627598911025361205332572,
        "osc": null
    },
    "d": {
        "freq": 323.34158830063174730452591360033132705987300539713122123195049420604967377693028238440753698021409337557004664271286018531740465050808558926520111755117249141021465163978505261078934658752797064452156,
        "osc": null
    },
    "e": {
        "freq": 336.03572880122150045389452493807825683625586117615039017763008521773265512645772883016909042813088108958968636314790391417750891574948340905632463373268252956637532000041406938354302592233750232612694,
        "osc": null
    },
    "v": {
        "freq": 336.03572880122150045389452493807825683625586117615039017763008521773265512645772883016909042813088108958968636314790391417750891574948340905632463373268252956637532000041406938354302592233750232612694,
        "osc": null
    },
    "f": {
        "freq": 349.22823143300388444537524063990781728612853213796766215782286760154763123732821812017972691768861054504564756989084393876948517759360550119080242979911825626261402128373611212391274671590431423895034,
        "osc": null
    },
    "r": {
        "freq": 362.93866150753310196727706935982144508743697859400255345416437930498527518038459535886363120729073560079287218512632947312226819998067953162436931788686686421794220470733167030683405087615015275824212,
        "osc": null
    },
    "b": {
        "freq": 377.18735245535204558853542438305585133251695846105537145788962382449923469119045937741398095928198526743918291243292936355125045472337638502752649717447982026844055371696699568591367881270784385503879,
        "osc": null
    },
    "g": {
        "freq": 391.99543598174929408569953045982550351437355098639057748885307659084955345893549676051133759024516690752973819359601033399398556404957770274807937252903344668771184224940838048076562607089675615594767,
        "osc": null
    },
    "t": {
        "freq": 407.38487340640778885006402273869696627698243821916577944167119863541207144489061394169915110160615363141569540901772902054939300278428176880909416787474828544440266037070290619829771374044588853502238,
        "osc": null
    },
    "n": {
        "freq": 423.37848823342386144042995273211144331256129620858493833583587895043750467949188505475516442879570616881369391968475128774357429024680111528616178267696655537701177892592819956298519082599347035000192,
        "osc": null
    },
    "h": {
        "freq": 440,
        "osc": null
    },
    "y": {
        "freq": 457.27405945401109587245723659360568045225365120493575899273933153146270426852523588913798270819997958275975180030847348484624128724585737200835591103533048292127584495501087310190932771987999720174714,
        "osc": null
    },
    "m": {
        "freq": 475.22628511261471474408956576698264160448537548488368258005873380475534569443392826954320659461508308353303487546926986328514864881670189837730660686175979343575804215547716723686176291444077080808055,
        "osc": null
    },
    "j": {
        "freq": 493.88330125612411183075454185883898714226088867015417151378020018847776244897894871868621992950399551429444337500727406123569696265591180741465979507806065328539420330377490046532671801456167846858118,
        "osc": null
    },
    "u": {
        "freq": 513.27277741349129559322475925069394702388002771551527616007693517983585701567838157582751796429369140523658965977419798309914226985117560837075297369242954870183793327319263365158480947415677751128561,
        "osc": null
    },
    "k": {
        "freq": 513.27277741349129559322475925069394702388002771551527616007693517983585701567838157582751796429369140523658965977419798309914226985117560837075297369242954870183793327319263365158480947415677751128561,
        "osc": null
    },
    "i": {
        "freq": 533.42346939795959602745840556366079183712957210764252306024163422316370263890861384803402722701925911618332558543133416123657901422082626417408979872090328753365041189520739123856182949998911106674758,
        "osc": null
    }
}