{
    "z": {
        "freq": 254.1775933119000622539741617100264158094893149167439683793535054464010090510641557845198511248445798562047057076514136023217937686961869848069084119733480628531987592537796061026808447506579830769396,
        "osc": null
    },
    "a": {
        "freq": 261.62556530059863467784999352330470136445386034203983086418048943828266700992177517157189579839028821752822685044922690093401979959376650649277938975836391051543333250878256030009571543115578331859814,
        "osc": null
    },
    "q": {
        "freq": 271.89678250444364186221484532163889855078013726062613524293893468924928271747143661732567485168161586702264266415141243285989673552154720593271438311138378552267429335204145087238497600962996405133792,
        "osc": null
    },
    "x": {
        "freq": 282.5712397461165587275339017283057109330633976878802390797003637590657825891669001790402083514974471810241569539139123878179489286084424621630933857348895826901627170402826973936699801989082862233531,
        "osc": null
    },
    "s": {
        "freq": 293.66476791740756026278301386057961048072584677754362532657357867458854692505062452172595004672326283397744880701250401991747903595107857577772040793937813588590797784276489947086175833970022825206617,
        "osc": null
    },
    "w": {
        "freq": 305.19381941866589759082482564224784805508940822633221666474657874454119485852322771211960287804500656815247533352717483365949136675971964206962610791769152599698627152915205657865087576732310624659309,
        "osc": null
    },
    "c": {
        "freq": 317.17549255874489946364571158914399334676475771351949416576003192002092154131954412215071755565598262317367950125237977769263988383380036251923001132369551220400742713663299866000524617921299994976497,
        "osc": null
    },
    "d": {
        "freq": 329.62755691286992973584176104655507518647334182098431281702524570313469607238211855203095533521358032182725260743421552456226792947040021973087342120671114547630217472441160645344417479760890432595697,
        "osc": null
    },
    "e": {
        "freq": 339.28638158974698119470420965996166508749891757225593037332916452255351194407242912388638175741938174041189800760782196405427208068289611725875042042208134509740152784076365654415404288578914313420504,
        "osc": null
    },
    "v": {
        "freq": 339.28638158974698119470420965996166508749891757225593037332916452255351194407242912388638175741938174041189800760782196405427208068289611725875042042208134509740152784076365654415404288578914313420504,
        "osc": null
    },
    "f": {
        "freq": 349.22823143300388444537524063990781728612853213796766215782286760154763123732821812017972691768861054504564756989084393876948517759360550119080242979911825626261402128373611212391274671590431423895034,
        "osc": null
    },
    "r": {
        "freq": 362.93866150753310196727706935982144508743697859400255345416437930498527518038459535886363120729073560079287218512632947312226819998067953162436931788686686421794220470733167030683405087615015275824212,
        "osc": null
    },
    "b": {
        "freq": 377.18735245535204558853542438305585133251695846105537145788962382449923469119045937741398095928198526743918291243292936355125045472337638502752649717447982026844055371696699568591367881270784385503879,
        "osc": null
    },
    "g": {
        "freq": 391.99543598174929408569953045982550351437355098639057748885307659084955345893549676051133759024516690752973819359601033399398556404957770274807937252903344668771184224940838048076562607089675615594767,
        "osc": null
    },
    "t": {
        "freq": 407.38487340640778885006402273869696627698243821916577944167119863541207144489061394169915110160615363141569540901772902054939300278428176880909416787474828544440266037070290619829771374044588853502238,
        "osc": null
    },
    "n": {
        "freq": 423.37848823342386144042995273211144331256129620858493833583587895043750467949188505475516442879570616881369391968475128774357429024680111528616178267696655537701177892592819956298519082599347035000192,
        "osc": null
    },
    "h": {
        "freq": 440,
        "osc": null
    },
    "y": {
        "freq": 457.27405945401109587245723659360568045225365120493575899273933153146270426852523588913798270819997958275975180030847348484624128724585737200835591103533048292127584495501087310190932771987999720174714,
        "osc": null
    },
    "m": {
        "freq": 475.22628511261471474408956576698264160448537548488368258005873380475534569443392826954320659461508308353303487546926986328514864881670189837730660686175979343575804215547716723686176291444077080808055,
        "osc": null
    },
    "j": {
        "freq": 493.88330125612411183075454185883898714226088867015417151378020018847776244897894871868621992950399551429444337500727406123569696265591180741465979507806065328539420330377490046532671801456167846858118,
        "osc": null
    },
    "u": {
        "freq": 508.35518662380012450794832342005283161897862983348793675870701089280201810212831156903970224968915971240941141530282720464358753739237396961381682394669612570639751850755921220536168950131596615387919,
        "osc": null
    },
    "k": {
        "freq": 523.25113060119726935569998704660940272890772068407966172836097887656533401984355034314379159678057643505645370089845380186803959918753301298555877951672782103086666501756512060019143086231156663719628,
        "osc": null
    },
    "i": {
        "freq": 543.79356500888728372442969064327779710156027452125227048587786937849856543494287323465134970336323173404528532830282486571979347104309441186542876622276757104534858670408290174476995201925992810267583,
        "osc": null
    }
}